{"Mint": [[685.0100861760527, 0.0, 466.42741837318215], [0.0, 506.13205693444127, 268.13566426880755], [0.0, 0.0, 1.0]], "Dist": [[-0.19561836953109138, -1.6088178172035754, -0.0023795414694737596, 0.003623147925296601, 5.013440058557934]]}