{"Mint": [[826.9769235732679, 0.0, 505.7751194633632], [0.0, 614.300251967933, 275.66425474506224], [0.0, 0.0, 1.0]], "Dist": [[-0.4972192457433973, 0.8476177447201655, -0.004707634691331657, -0.024092093826468354, -5.444037442287863]]}