{"Mint": [[442.8091058830315, 0.0, 297.0385359079528], [0.0, 322.7441779378351, 175.41732481333685], [0.0, 0.0, 1.0]], "Dist": [[-0.3917599008600438, 0.3218740795502072, 0.008179405420496394, 0.009278157067291308, -0.3967065955795974]]}